UUID,Edge Token,Hash Key-M,Hash Key-U,Encryption Key,Decryption Key
00:QZEGJO,QIZMGNYMWPIQGTKV,WAXTYQOZUBYVWMPH,3D8AMFCE96JD6M4?,VEBLBNUHXWTGNIAOFRJPFCSELKEYTOCP,FGCOCQFLJVGRLWZJJSVVETYIVDHVQSVL
00:NFDNBB,DCBJEKFGIRDAADNM,RLLNAHIMVKQDFPUP,3D8AMFCE96JD6M4?,UBZLSPKCQKANXWXJOJGERHIRFFXXWWBW,LZAGHIHLXPNSQBWRRLPZAPFVPULENORG
00:BMKBYR,ECPHACMWWTVEEGYS,YGTQRCNNQDCQCPBM,3D8AMFCE96JD6M4?,GKZFRYPKJUWIOQKQMCJBFPSTFFWEHTGF,JSEQGOGJZJJLFKWDGFYBBXABVYTHSGIB
00:PILVDX,ZOWCTYBFJVBRQDFI,UCWLVVWDNDUMKOFP,3D8AMFCE96JD6M4?,RZNERMNHWBMHPCKIAGIQQQFZNYEIOVOB,ZLJJEGKAPHWPLFHXLDEHMATLPNYKOASB
00:BXMCRK,DVEAZTQXEOTSWXFE,XQFSBTDVRQOZXUIQ,3D8AMFCE96JD6M4?,HTTPSRYXDTINAYXFBOGDNYGJPHIEJFOI,UUPBXETTOAZXRKYPSKRELENMGQGFPPQE
00:IWBLZT,NLZDAXLSWFENMUQM,QUEFOHGGNTHUZTMQ,3D8AMFCE96JD6M4?,ZYONMUVSFCUMUFFLXSCMICFCZPYNIQGE,NSXDDVHVWTZPMZVKRRQWDMENLVVYYRVU
00:VTDJNZ,HZNSCOOFWZNVFGAZ,FFRYLDWHFDNEXPOC,3D8AMFCE96JD6M4?,NPPEWMFXMXQZDJCYQWSIKSQRYWGRAARJ,ZGBTGMQRJOHPHOLZMDGRFRKPHJEGJWQN
00:IWJFWG,TFHFBQMHZXAWRHHN,AMQZXDNYESOGVWLK,3D8AMFCE96JD6M4?,VOEMOLDNRRRMZYEEEPDVVPKFJTXFNWZQ,GNSUQVECREMGTCRRFEWTPAELYHIXFWHD
00:LXYBEF,EUDFZTJUNLPPAAMK,QCWTGJROMDOPXWHM,3D8AMFCE96JD6M4?,BYLCQJZRFVXZBESSUKDSSLCUYGIALDKH,GPQMSRHVJMXOAFSPBJPPJKCUUVGRQCDS
00:CDWEYV,YNLSKTUOXAHQIGKM,DRNONLPUNEKURPUN,3D8AMFCE96JD6M4?,PNLRZUTBZPFVICGMQVSJBLQXUFFBYGQA,GPBEZMBZWKVSVNVVGSUDJAOWHSKYYJMZ
00:VQJOYN,BCCSIEWLLRDPWWIL,QDKRBNNTDCPMYIJQ,3D8AMFCE96JD6M4?,NDLOWFQEELVDCXNDADHJIMAOEOGMYFRV,VJFQMVCRQEWXCBXEEGRBVTFESOEWDCHT
00:SZHFYL,NAHADOPQHDVSOFMV,ERDFYHINKHNOGPHP,3D8AMFCE96JD6M4?,FDAXENYLQDKSNJLTKRBQDAWZZFLVIANP,LBFSWSPCCOXMBOADVFEKYTDFDNGQMFFO
00:GHMQWD,OQOYPYSODOKHAKTD,DUBEQKBFYEAJHNAH,3D8AMFCE96JD6M4?,CRTRNMBDKVJDXGRNJIIKKQWDUYIUHHDT,ATUNXMCIPKGEYHEYEOLTJBUDMVTWEXQW
00:JLEBSP,MAZIBIDQDNQXZEMR,MYBDSMMGADXPQFZQ,3D8AMFCE96JD6M4?,CREAPOKXUJTCKNLIDSVXTEKWWCJEVSHM,NGIHNIDTCBJVZLKXFNALZWPCACWELJXH
00:UGSKBE,GLHINODBSMWFJBVJ,ZPHHEWLPNFIHZEDW,3D8AMFCE96JD6M4?,PIXKGPFXLOHWRPYTPVUTBRBFWTOVMUUI,WXRGNYUVGOOMMDGVWVEOAPFSTOWYEHZQ
00:WEKNOH,OFYIFWOADFCKEXYN,DRNLOCQSMDEYWTXD,3D8AMFCE96JD6M4?,DAJZFNQEJWUHNSNZMKMXOPQAAKMYJMQL,WTXDMQOUDEANTSTMPGCDLSRKMKWTPADL
00:UCNZQB,VGTQPRCVEJCTQZQD,UGVUIVSJVBALHILN,3D8AMFCE96JD6M4?,MSKQMVSGRPNVSUQXNTSSSEPPQZLMOQTH,QLUPNUTBKHTWPTFQVXDNDTACXJTXURDE
00:ORUGJZ,MWIPPQYMJXEJLDJJ,RFCXBNIDKGFERCKH,3D8AMFCE96JD6M4?,EGLMSWQFKPYJJZQRVEGRCWDMDGJGEGJF,UFBEFIGPLPEWXFUGUYZYBLBKEVVYDQWN
00:CYRUTL,GCKBNVMIRUXVEWSL,YYDTFBFHVJHFJEOC,3D8AMFCE96JD6M4?,RKSYEMTSSNHBZEVVIQHGCHNISRGCUUJK,WFERRBPKXJTFYNFLXYWYRUGJBHNABPJB
00:NIEJRN,KDZTRSDCHWDJVTYS,GDXHGYIMQTPMRMRP,3D8AMFCE96JD6M4?,PTBDBFIPAEJAXLKWPYUVUUKNUXBPVNJI,WUNSXNBPAVPRFHZNZNDRNKDHSEWXNIWO
00:CAFRPA,MILSZSZAPPRJKERG,OASGKLHRVSNYSHML,3D8AMFCE96JD6M4?,JEMFKKMGDAAXGOBKEVALIWKZACLQNUPF,STFGCECXCAWZERLAUTTPBETICRCFOHOV
00:WJWDMS,LEVBISRLVKMGVBBZ,OHURYMLRUNRZADES,3D8AMFCE96JD6M4?,UVGIOELTLBYZNZPFQSTDWFGXGYSKDYMV,RQYFLGARLGOHCVUKCJSTZQZVLINQXUTX
00:RIGVOR,DOQSJSICJSTPOHXF,PSSJXIOYLVCLTVIN,3D8AMFCE96JD6M4?,GBAIDXVLYUEIMUAIISSXPABMKFAURRGD,YTDRTRARIKUZIYZVEDSVWFXHGXSFPVMM
00:GZPJAZ,RPZIOAGMPDASXVBT,RSOCRBULXOEHASJM,3D8AMFCE96JD6M4?,QVKNQYYGCUTLTVLMQLBRJVAEZCAUHAPK,ELKMDQUSKUGGJOFPEUDQPCOTAFGXMJRX
00:YGBJHF,FDDULBGKZYHJALUB,RVNIISPHQAYLBBPQ,3D8AMFCE96JD6M4?,SPJZFHQJYYRJMSJIKOQBWLMWDXXBDITW,QCBQGLRJFTACAZUYHDZNUXQBRKLVINRA
00:DEPQEV,HXBYHAROEHXTLLID,OVYFOJYWROZYRRHD,3D8AMFCE96JD6M4?,UMTMCSGPJFHAMPFPSYOMSKQGJCEEEEKC,SSUTXPSYAFVBAWDXYDBFFQTCUREMPJZL
00:VOVOPL,DPECFHDHUMGNAGQQ,STIBKEBGFOYVGIEK,3D8AMFCE96JD6M4?,VRDVSQOPLIOBZIHSLTYKHEFMAQCGZFKZ,GBLCDOWOIYOXJRYHGYIYGQKZPOPNVSPK
00:JZFWGN,LWKLEFHRZRENLTUA,XWTJDIPHTXWXXXSM,3D8AMFCE96JD6M4?,HZHRQYGKSCWQPKNDHRRNAZQLBZKFENUI,EDUFMDBTBGLEDHJBSWBMUUVSXNTPPBTX
00:ACMOGL,PTZLKIEHGSKJFUBQ,VZZMATVPPUQCHNWN,3D8AMFCE96JD6M4?,WUTNESZVTRSGGJSISUDGEEGLGOCXWMKS,OLWBCZBLSYJXLLVSVJXEPXIBIEHSTTTA
00:CDCLYD,NHDTYPZJLXKLRAJD,JDADLVQVTRDZIHKU,3D8AMFCE96JD6M4?,HXXTVTAJUZSPTHVYYJTFLRJPFSQBHEIC,FKDRXEVSSEZGGKFZXTVWEXMLRDLXTMEW
00:FNQVLQ,BTUSMOYISFJYADUB,PNCIJUAKYVIFDNXK,3D8AMFCE96JD6M4?,KVRCHZWRGOXUKSAMQQUYOPWJWEGAIFXM,AVLUCYMSEUZJNKNYHJHTRDBMUGXWTJVT
00:ZVHHXN,TNQOAVQJOYIJDHSI,EYREKPVOQQDLRRLS,3D8AMFCE96JD6M4?,KWYCHLYVSQRAVHBLXHZCICKXANTAKYKW,JKIOJBJQGDRAAPJHFRHSGGVEUZIPWDXL
00:YMPXDR,OTWNTWWKGFSTTFHT,ZLCSASWDFMZAISDO,3D8AMFCE96JD6M4?,GIMIDRJSUNIDVCDGQIVTJJVUSLIHQODG,LGRGSXFPQRFEPCSXRSVZLODTRBSXWUBD
00:IJQWDL,AUFUVOZUMXLJKVHO,OHTUDALDTADJQTBM,3D8AMFCE96JD6M4?,SXNQCXOKPTVEHQGUGDGSZSHELWTRKKAF,FSSXFLEBUHCIBAYUUKXRNCMUWTQHLTOJ
00:RSBFLU,SUQSZBPHPRGNEVPI,VGBOHSOIVNUEZUTY,3D8AMFCE96JD6M4?,YAQMOABOEAOMVNJJPVWIRAILWUCQONZN,SNLDHQPWCFYKRWECABEGCPJHQXHMMAAQ
00:KOXYNH,KMBCBXQQOIERLMIF,HUABVQKNVGAIWPBN,3D8AMFCE96JD6M4?,LMBQFBHLVRSXJPHSXOZIRQYWYBAWGHUR,HRFJQXKSCNOYSTYVNBOLGATSYAROGYGH
00:LEVDNF,CMICWBWYEDUTKAVQ,XBUCGXRAXFNPTVIU,3D8AMFCE96JD6M4?,VVOVERODDLHSZMBUYLBWJJJBUWTXWLSM,YPQZLKFEQJSIPKZWNVBSOQIBUTEGFLDZ
00:AKIBRE,SKKXJHGUZYNYYTBR,PKAFTSMJUHDTRVUE,3D8AMFCE96JD6M4?,TYRMONEUNKMXGQZJBDLJGACBEOIOJDTO,FGCLKCVFRDAURGSSNNORRNVEFHORWWQN
00:CAYJFX,GSEVMLRFEJFIRGVI,YSIGZZIPRRCTLMUP,3D8AMFCE96JD6M4?,WXJNCRCAAIHEMBXDXPEUOHJMCTZXIWOX,BXIRQDEJMDHOTQFAQNZRELLNKAWNHJWN
00:JUFZEC,ECWDAAGIPNODIQNT,PLRFTKRRLHVOUZXD,3D8AMFCE96JD6M4?,OIFDTAVGATXSASHOEZDWMXCKESBYKETV,NACUVWPGVZFWCILDESSDHOKIKIHOEIUR
00:DQUWJI,EBDQNRZUXYEJUQRT,PAQUZQZICFLZQXVZ,3D8AMFCE96JD6M4?,CAAKKLDICCPDSOZHSYHZKFGMVVPRCVVD,BLKYKBPDHFWHCTFKCLDZNWHHFRESKSSW
00:QRYDPG,NXSCHWFZFPDYZRGN,WHWPMTPFYLOCJRKD,3D8AMFCE96JD6M4?,THZLCXIZTPPKMVDUYNMSIMMWGKPTZUXP,TMPCJRJEBIJXGNTQUEYPJYCCHKPPBXMJ
00:IERMRI,ZTHJMFUUQTNTVYAF,EBUFEODUZTWLVMAD,3D8AMFCE96JD6M4?,PXRZNLYXCDBNPPRVYTEQTWMDITXSUTBU,MNMLMLHFVVZQKPKZYBTFKJSXJYLXYEVD
00:QKLWSL,CSKCBFXJFDCBBHQD,DAHUSKCOOOAOUOWJ,3D8AMFCE96JD6M4?,OVBAOSIBCFOAKUIFRMKZNTUXNOXKDYOX,YOCFYUKLKCQZDMBOKTNDKRGNJDQCKGHY
00:LBULBC,NHYZDPYOXPOKTRFL,VQMJFSNCLKTAZMEJ,3D8AMFCE96JD6M4?,XNLFAEGATXPVQXQOWLTXDMMCZIXBHZYQ,SJXGPRCEWNYALXUAIWNHPEJOCVMHGJBI
00:GLUMGG,FRAYFUHZMDJQPXSU,FIWLAESSXVAEWHIJ,3D8AMFCE96JD6M4?,WFZKHPJOGEEOCQRJMAKJXCDSKYQDJUEB,OKNFHURGHQCNGCFNOCJJALXDEEOHFNCL
00:BEPDEG,SOODNMKBTXIXTTHQ,QVSJVGYQJPGNNKON,3D8AMFCE96JD6M4?,YCQHLBYAFEGMCXTNMFYTDYBVPXQKUVFY,LGFJZMVZKHMXOLPASZSPILIQXJASZAOS
00:EYITMT,NAMIOMPBLEUNDAVD,QVNINJXDKWLEVSBT,3D8AMFCE96JD6M4?,JVOGFPBNIOPISYJRTPOTUTWQBARCKKMW,TRKVLTHHWFMLRKJRVDMQEJTSCGDAMQYX
00:NUYYGA,QTMPVVDEMLNGBCCX,FFAFOZAYSKJKXOFS,3D8AMFCE96JD6M4?,QQCASKORXBZPXJFWVRHHVWLMKGDJWSKQ,FHWLUTCBRMVCRLLRUJQTHVGBFMSJJTRQ
00:LCWFXW,GYNHDOPQPAXYJDHX,NHNOEXTGOKFKOUDN,3D8AMFCE96JD6M4?,XGWQZUZELNPZQFLOSIHOZZRJJDLWWIDX,QUNQYNHZXSTBCQUPLASYYJRHHMLBCKJI
00:UCGKYP,QDTLNHZAZHXISOCS,GIAJHDDUDZKHSAKL,3D8AMFCE96JD6M4?,DWOCILRKQRUGLOFLUSKSSUQSXYDHTXLN,DZJKNKGSVUNSRSLEUXKJOQKJFICDYNQF
00:WHIZBE,RMTXKWQTHKTMOTIQ,XXZYRCSPOANEJRYX,3D8AMFCE96JD6M4?,NHLAAYPVAFQKVJOEZGSKNDNXQBWJNCMF,DYYYNEXOVPHVLAVDQJOEBONCRNFJQWAT
00:EMGHEH,APEVXXDIGFRJJXYK,HBSBBSLJBIKJRGJS,3D8AMFCE96JD6M4?,RNYGLSMQTAFMMZAEAELZOYZZWYSPXGBM,VLKWVHECZPWLAYGRXQQLZGGPSASEBOHO
00:XSJARU,RXNDSFIRLZJTZVSN,HDCVEKRUBLLHAHAI,3D8AMFCE96JD6M4?,YGVIXQOEGPDGFUKCPRMPQKTMFLAOSZBE,OPNQEOTNLBCFPVUAEBCFWUDAZHNYOHFG
00:DJVHZV,WACAYAHANKMNLPNX,OGMPGUZCLICGVZTV,3D8AMFCE96JD6M4?,YZQWZYXEBKGRKRUQNMLUVGNZWRQRDPOV,ISFSFZACDPLKOKZFBOHJIAHYTXFCJHOT
00:KNYBXE,WLTWUXHDKJAJFNOE,UWULVXDRTLVYQRCW,3D8AMFCE96JD6M4?,LLXCSPSSHTSXDZETNQBGCBMJOJWXIROB,KYLFCFUMDRIOOEELPAJICDZKCKBFPNXB
00:TGMCWP,NGJXWRVVXIBPZGFW,HBOEMUPUDUGDKJYR,3D8AMFCE96JD6M4?,SXPDOOBJJOHEDDDTSTYBXDRZNMCLCFYK,GYTWCBEJJLDLOSMNIFDTRJTQQTYDIQZD
00:AZNVTV,LMEDRWCGYPAMCCZM,YMLZKEKOSODLQZTN,3D8AMFCE96JD6M4?,WEZXBVUBZZQXAVUXFQFPETMUHNQICDLV,BJNJJOHYKATPGPNPSQPGBYWYTOJEHWSO
00:LLKDBF,JBGNLUFWEBICUYUT,PJGSUBPRAJPHNOCZ,3D8AMFCE96JD6M4?,AUECSPOVSWSRCOEBGDEMBXMBTGPPFMDC,GBTTMZUNDDOZDLKXRDAHERVKAGBPXSYJ
00:APMQQJ,NQATNZLENZLJKIVZ,CWZUFFESZWPLRCCM,3D8AMFCE96JD6M4?,AEFOHTSZZETJGNXPCMNUMKMJPEASLIAW,BNDMQXLEVGIDUQLVFANMRFFASHUQOYZW
00:NLQQDI,OBRENQLOMCZXEFQZ,CQSIEQREFJBXTNPQ,3D8AMFCE96JD6M4?,KCHOSNFGAYJJDEUYQNGKCYMXMIESSWLP,AIDQNBDEUAXAOFMYAPXDLBNDBUUOKBNF
00:OKGZUB,PKOSNINOYNGVLABI,YBBSVDAXVCONUVZW,3D8AMFCE96JD6M4?,MDIDNOQNZKITUYAZZHISPELKFMYKXIPJ,DWCRXNYHBNCGMWFGCDEYFEALQGWSSUVP
00:LBHGHF,HDYFMIWXLDYSFUZB,JJJJWHOQBXEPCDWG,3D8AMFCE96JD6M4?,EDVMQJOJDNIJMTKHADFATNMAYKYLDPBQ,XWNVMTRKSKJSHCZDDLJXRIETUCIMQHJO
00:QUFDKH,XFACRBHOWOSFXFPK,TLNPAOUSIZSRZTCB,3D8AMFCE96JD6M4?,AOYHWVLLBXHLEIVPWTNYKFOBZCSCWIAA,BRODEYJNMDWIRMMKKVETVUIYTQOUMPNV
00:TAAHXQ,YIRRASIJIPQXKLCE,RKKBGYLSIBSTCYWG,3D8AMFCE96JD6M4?,MDJEKBNJHODMXKDNCTTMNZFCXKDOFWET,EATVFBQQECUOTGZFQWVCALMBSSFCHDQF
00:BXBZFH,QRBTWJJCQLSIMYOO,CLHIZSQEBBEOZLHD,3D8AMFCE96JD6M4?,CXRFCWGMZTZMGRJJFWCYXAXGOULZTBOE,FVTRZNFGNZWDHPGTGQTDIDDXGAEHGUSP
00:LKQZLW,PPBOLLTEMAYHIHKO,LGODQPZDXSLRVRHK,3D8AMFCE96JD6M4?,VUZWDNSKOVGIHLYWPQNCSQCZHITVKQSI,GSBUCJFROQUCGRUSCNJNCSVBDBIWBZSD
00:XQNRUL,LLBGNKJKXTEBMDMN,CNDLFGGITAQJMMFB,3D8AMFCE96JD6M4?,GLKJWQHUOUQFIXBOKWJYHQRPMZLIIYBO,NVMGQERFZFVIMQGYXDZSNAHPTCVQFPNB
00:CZXGTC,OZHUVRSALGMOIKKN,IVFFHVTHNWVMFSTB,3D8AMFCE96JD6M4?,DYNXYLSCOXWNBUSFHMGGPTQQEOPBFAOD,VSQMAPQCIGFIJLIUZARRUPNRGVCDDTNA
00:XCEXYF,CYCHDHHFNAROHERT,SKZJSANKPCBKJZQT,3D8AMFCE96JD6M4?,UZCQEWOSJAJMQUZBHSTTVGZUKNCZZULI,IMRTGURTTOQTBJBZSQPSIESUVYEBFUQT
00:HTRLFX,NOAJSYENVBZMKDPS,FHYCGYDUBFONKWJG,3D8AMFCE96JD6M4?,EMIJIYJSHSGHBTGJDUSKZIEKCSRHEFSX,RVIZBFDNPCGFOEPKUDHZWZONLTKBVEKA
00:PSLDTB,UUUMESPHTXTHKIOE,RKOJIFJEMWFEQZCT,3D8AMFCE96JD6M4?,XFGOYKGXZTQLDLXVIHARVTQWQPZHQUVL,BNVGWQVYRANPCYCQTBESDUGKANVZHUSD
00:BEEOID,HHSNTVBVOIHOYDKW,SWUBJMVPTJLATFLM,3D8AMFCE96JD6M4?,GMFRTCZHOUBYYIDQDNVMQJLJSSWHNEOJ,LAFVZQPNLQXQMYWASOTIVLNPECWZTHSG
00:OSWCJJ,SLYCRFMCKOGYPMHN,KWWSUWEVPQLCYATW,3D8AMFCE96JD6M4?,SMKIPKSUNCREKFMXOXSBAAWNVUKFCKHG,RMTBVZKKYNGPOTUDTWIDPPKBURXXMNAT
00:HLIECP,DOJBQVBLIYQICJGZ,QSZQJIABAGYHKQTJ,3D8AMFCE96JD6M4?,NKZEMEVQMFZOOACFDBFGUIIIIRDEFILY,WYEVIHBUSOBLSYHXZSQQWFLHIGPBCGQQ
00:YUTVOV,TPWVBPAXHZJOPEZC,VYGHCYJRPOMHEZBP,3D8AMFCE96JD6M4?,SIOSBXOFJAJKZFXKHFQXHDNBLRWCJPGR,TETUPBVRKZRQMIYOHTBDBNBLBXQYYSCN
00:GKXOUM,JJKMOUSIHSUHQACO,EIJBHVOQFTQQOBFI,3D8AMFCE96JD6M4?,QQVYXNFQHIQCNACCZKMZEXGXOQERSSSV,OFFKKGDDMXZKILTXIJPBFLLPHSKOXRGR
00:OVAWRA,HSMOOSHVDKHEBZSR,WOJWDDPEOHKGBRVW,3D8AMFCE96JD6M4?,SJHOSSJKEZPMZYFOSEDXGSXUBNZPYPYP,VPNVYTMNQNJJAXATEABFKBLWZGTJVHWI
00:GRSVMW,SGCRLGNZZTBTLTGK,JVTITFLOQGYHIMFN,3D8AMFCE96JD6M4?,IUOHTFCOGXUWUGXELFCJGRPUKERGHIYE,CJTBOFTDWYERIWAQBSVIXOBQIAWLUGUD
00:LTJAZW,VQTXSZTFTUVMFAOH,FVWAJNKACLGJKWNJ,3D8AMFCE96JD6M4?,IYHIRPRFAGDZJCFCPPLQZYXHLMOVNXOO,PHILPKTTWLOURPTWAMPBCSDQWFDIBYMP
00:MGRVWN,HRELLRFWAQOURVBV,VRTVKMZKESWOACZN,3D8AMFCE96JD6M4?,CNOEZWUBQBQIKQVOBZYYZPXIVPUPSOGS,TMIHAPKAQLILRDTXEYFPJJCUAISBMHMI
00:JUGAEQ,FLCZAVQBYVZJUQUG,EVPPGWMTLSGCEEEP,3D8AMFCE96JD6M4?,NODLMAKPEIKXCPTZPPKOQODAQPRLZVDV,YXASPPICSCJJRIRXBBGWQJAHDCTBCMLT
00:KCYUPB,ZYQSOJMDRJVOJVVR,VFORDNXZDCYZAVZV,3D8AMFCE96JD6M4?,KDLPOSOMOGIAVTZDLUOBZJQRTLZGKQPO,FNYXPAMFGQOOJFXFPBMAOUIEEZOWWUWB
00:FBQKVR,WNKSYPQJISZFEWWY,OPGXBFRQEBJGMLMZ,3D8AMFCE96JD6M4?,QNMWIHJHTGHSPWIFWLPUFAINLBDDKALC,ROFPXTSQCAOVAWIGJMYHLJMKPZQULQJN
00:ONTKPW,XZFSXNAKTTQSMKBE,MRGSZUQWWYLNKGVI,3D8AMFCE96JD6M4?,YJJXMVANYGGLKNHFHEHSPMQCZAVVRVHR,RSFZPVBZLQFXUJHKVZXDLJQZIFIBQQOC
00:XVXLLF,MMMAZXZGVUMARIBW,BRLLYJMTIVADRXPX,3D8AMFCE96JD6M4?,ZJEVTPMLSJVIMDGQKIPFJOPICSZZEMXL,OGQBPJJXUMAWEGAGDPEZNLOARLSEIWCB
00:RNTUMH,SOPRUYDEKBBLUXFI,ZBNGPUGXCSDSGVHO,3D8AMFCE96JD6M4?,DJJOZJYTPPOTYJMDHZXNPOTKVECAHJCH,VBKFDRLHJVOQPAFPWSLULVRFLRAXSSTT
00:JIDTAD,MXBVJYKRYIQGZSXZ,LYTEBUTSVVRJCMVG,3D8AMFCE96JD6M4?,HPYQSSLGUXSAEKAJITPEUUBLITODTNEY,ZYSCNWGOSJQCKDWZQLTMLBSASJHBDZTK
00:CYTNOM,OVLCIWZXFDCZVZXG,CDMPLCYUMBBZQGLU,3D8AMFCE96JD6M4?,CBXQFTIOXGTEUVQUEJGZYPTKFNNLPHOZ,CKMFSGFGCSOIDIRTWYMWLFKUNBYTYCCR
00:PUMITE,CIBTCGIQGPESOLAY,BMGCEAFFNBYZFJRB,3D8AMFCE96JD6M4?,BTEJZOKFJKMNJSSPODCGKYOMJVKZPFXY,NQEIPZMLSQGVYUJNCKZJXGZEUAVCTNSN
00:LYKCYI,YBBSXGAPPQLEGJFD,DRRMLUJCYAERWHMD,3D8AMFCE96JD6M4?,POQFBCDJHSVUOYDYKYTLSWDSUZIQEGIF,EOTKVPWJMWNLNKVJQASBEMHPOTJNOFQK
00:OODOZA,QCRNNAKUYDRYWPBT,SNCDQCDBUBAKRQTU,3D8AMFCE96JD6M4?,UTZIEHOXUIJFGSLTIQILKMFLAZAJANEX,IHJFXSQRQBPIOIUFZNKXSNBVVGRZGYVD
00:UUNDHZ,GZMYURWZYCMGMVBJ,NRTXDFTBDUQUZFML,3D8AMFCE96JD6M4?,GWCQQSAHKQOYDTOICIXWUCDTORSKFYLH,RQZXMTNNFCSTOOAMERLEEKNUDHEFQNSV
00:WJPVAG,NOAHMYDXKYLYRGWX,KJBEHQPWULXERWHP,3D8AMFCE96JD6M4?,JABLMKCOEVMIYTRRZJQAFPWDNWKDWDYD,RACXLPHNJVQXLXDLQRNXZRBFUZURRIPK
00:DDDPEQ,DGWODTCRNZWUEJHM,TUKWKYJKIPJTRYQA,3D8AMFCE96JD6M4?,DRAZEVMGWJDBTINOXPTJBKQABEBOHVKU,CUEPMFOEBDVBBQULPHMNFJLZDZYLGOBL
00:UMOJRH,ONRTCKXMHFIYQYIS,CKPYWLHDJQHDRIDQ,3D8AMFCE96JD6M4?,IAFHXEWECJGMADGXWNPSGWXCGPWCVYTZ,HPSEDZRBOEKWMZPRHJGTQMUPIQZEEWFU
00:TGBANH,UPSIBBLPUTLQXRDL,YEFBVEFRANEGFAIS,3D8AMFCE96JD6M4?,CZANZQAYKHOHPHQHOBDYJUXFGYTQDGNM,GGELWRGTQSJGJXQEEMIONEGZKUSTWIGP
00:CKRIQB,MRYQNYCQYEDOEAHF,IIQWLQKHDKXZZHAI,3D8AMFCE96JD6M4?,DSOLFTKDPKYHTQDJCLWIRPDNINAUMHST,LKVRLKKEABQJCSMHLIVKNNVILRLLUSTD
00:JTMNTN,QJIRWKPWMCCOYOBK,PJYLQLMQUGTNGCOU,3D8AMFCE96JD6M4?,NEYMEMPVVNYXXOMYIHBEMSJBKNONRBLC,CABNIYYSTATTMKENLAFGLPNLDYWCSBIH
00:BMUBGE,XYWOOPYPFTYGQETR,SDWRFWIIMRUJVFPY,3D8AMFCE96JD6M4?,RUQRLKDEKVAFRCHGHTPJDHUMZBQUHANS,RXGNBEHPQCFVQDAADRZBCKOSIPUEIJAV
